username,firstname,lastname,email,password
s001,Student001,_____,s001@example.com,
s002,Student002,_____,s002@example.com,
s003,Student003,_____,s003@example.com,
s004,Student004,_____,s004@example.com,
s005,Student005,_____,s005@example.com,
s006,Student006,_____,s006@example.com,
s007,Student007,_____,s007@example.com,
s008,Student008,_____,s008@example.com,
s009,Student009,_____,s009@example.com,
s010,Student010,_____,s010@example.com,
s011,Student011,_____,s011@example.com,
s012,Student012,_____,s012@example.com,
s013,Student013,_____,s013@example.com,
s014,Student014,_____,s014@example.com,
s015,Student015,_____,s015@example.com,
s016,Student016,_____,s016@example.com,
s017,Student017,_____,s017@example.com,
s018,Student018,_____,s018@example.com,
s019,Student019,_____,s019@example.com,
s020,Student020,_____,s020@example.com,
s021,Student021,_____,s021@example.com,
s022,Student022,_____,s022@example.com,
s023,Student023,_____,s023@example.com,
s024,Student024,_____,s024@example.com,
s025,Student025,_____,s025@example.com,
s026,Student026,_____,s026@example.com,
s027,Student027,_____,s027@example.com,
s028,Student028,_____,s028@example.com,
s029,Student029,_____,s029@example.com,
s030,Student030,_____,s030@example.com,
s031,Student031,_____,s031@example.com,
s032,Student032,_____,s032@example.com,
s033,Student033,_____,s033@example.com,
s034,Student034,_____,s034@example.com,
s035,Student035,_____,s035@example.com,
s036,Student036,_____,s036@example.com,
s037,Student037,_____,s037@example.com,
s038,Student038,_____,s038@example.com,
s039,Student039,_____,s039@example.com,
s040,Student040,_____,s040@example.com,
s041,Student041,_____,s041@example.com,
s042,Student042,_____,s042@example.com,
s043,Student043,_____,s043@example.com,
s044,Student044,_____,s044@example.com,
s045,Student045,_____,s045@example.com,
s046,Student046,_____,s046@example.com,
s047,Student047,_____,s047@example.com,
s048,Student048,_____,s048@example.com,
s049,Student049,_____,s049@example.com,
s050,Student050,_____,s050@example.com,
s051,Student051,_____,s051@example.com,
s052,Student052,_____,s052@example.com,
s053,Student053,_____,s053@example.com,
s054,Student054,_____,s054@example.com,
s055,Student055,_____,s055@example.com,
s056,Student056,_____,s056@example.com,
s057,Student057,_____,s057@example.com,
s058,Student058,_____,s058@example.com,
s059,Student059,_____,s059@example.com,
s060,Student060,_____,s060@example.com,
s061,Student061,_____,s061@example.com,
s062,Student062,_____,s062@example.com,
s063,Student063,_____,s063@example.com,
s064,Student064,_____,s064@example.com,
s065,Student065,_____,s065@example.com,
s066,Student066,_____,s066@example.com,
s067,Student067,_____,s067@example.com,
s068,Student068,_____,s068@example.com,
s069,Student069,_____,s069@example.com,
s070,Student070,_____,s070@example.com,
s071,Student071,_____,s071@example.com,
s072,Student072,_____,s072@example.com,
s073,Student073,_____,s073@example.com,
s074,Student074,_____,s074@example.com,
s075,Student075,_____,s075@example.com,
s076,Student076,_____,s076@example.com,
s077,Student077,_____,s077@example.com,
s078,Student078,_____,s078@example.com,
s079,Student079,_____,s079@example.com,
s080,Student080,_____,s080@example.com,
s081,Student081,_____,s081@example.com,
s082,Student082,_____,s082@example.com,
s083,Student083,_____,s083@example.com,
s084,Student084,_____,s084@example.com,
s085,Student085,_____,s085@example.com,
s086,Student086,_____,s086@example.com,
s087,Student087,_____,s087@example.com,
s088,Student088,_____,s088@example.com,
s089,Student089,_____,s089@example.com,
s090,Student090,_____,s090@example.com,
s091,Student091,_____,s091@example.com,
s092,Student092,_____,s092@example.com,
s093,Student093,_____,s093@example.com,
s094,Student094,_____,s094@example.com,
s095,Student095,_____,s095@example.com,
s096,Student096,_____,s096@example.com,
s097,Student097,_____,s097@example.com,
s098,Student098,_____,s098@example.com,
s099,Student099,_____,s099@example.com,